"The recipe","Source file count","Source file changed count","Cumulative scanning time (ns)","99th percentile scanning time (ns)","Max scanning time (ns)","Cumulative edit time (ns)","99th percentile edit time (ns)","Max edit time (ns)"
"The recipe whose stats are being measured both individually and cumulatively.","The number of source files the recipe ran over.","The number of source files which were changed in the recipe run. Includes files created, deleted, and edited.","The total time spent across the scanning phase of this recipe.","99 out of 100 scans completed in this amount of time.","The max time scanning any one source file.","The total time spent across the editing phase of this recipe.","99 out of 100 edits completed in this amount of time.","The max time editing any one source file."
"org.openrewrite.java.spring.boot2.MaybeAddSpringBootStarterActuator","7","4","27800","0.0","7800","12400","1712.0","6800"
"org.openrewrite.java.spring.batch.MigrateJobBuilderFactory","7","4","0","0.0","0","67500","55292.0","54800"
"org.openrewrite.java.migrate.jakarta.MigrationToJakarta10Apis","7","4","5200","0.0","1800","10600","1632.0","3500"
"org.openrewrite.java.migrate.jakarta.JavaxMigrationToJakarta","7","4","10300","0.0","7100","13500","3320.0","6800"
"org.openrewrite.apache.httpclient5.UpgradeApacheHttpCore_5_NioInputBuffers","7","4","14800","0.0","6500","15800","2808.0","2700"
"org.openrewrite.java.RemoveAnnotation","7","4","0","0.0","0","940200","172028.0","168400"
"org.openrewrite.java.spring.boot2.MigrateLocalServerPortAnnotation","7","4","0","0.0","0","27700","10232.0","11900"
"org.openrewrite.java.spring.boot3.MigrateDropWizardDependencies","7","4","6500","0.0","3700","15600","2784.0","4700"
"org.openrewrite.java.testing.junit5.JUnitParamsRunnerToParameterized","7","4","0","0.0","0","17100","4592.0","5400"
"org.openrewrite.java.migrate.javax.MigrateXMLEventFactoryNewInstanceToNewFactory","7","4","4500","0.0","1900","11000","5112.0","5100"
"org.openrewrite.java.migrate.jakarta.UpdateApacheCommonsEmailDependencies","7","4","13200","0.0","4800","10300","4848.0","4700"
"org.openrewrite.java.testing.mockito.VerifyZeroToNoMoreInteractions","7","4","4873100","0.0","3427100","498500","12160.0","414400"
"org.openrewrite.yaml.ChangeKey","7","4","0","0.0","0","49184300","5.0331632E7","49178800"
"org.openrewrite.java.migrate.jakarta.JavaxAnnotationMigrationToJakartaAnnotation","7","4","12900","0.0","4800","15400","1840.0","9100"
"org.openrewrite.java.spring.security6.UpgradeSpringSecurity_6_1","7","4","12600","0.0","3500","15800","1888.0","9000"
"org.openrewrite.java.spring.security6.UpgradeSpringSecurity_6_0","7","4","3500","0.0","1100","17500","6128.0","5900"
"org.openrewrite.java.spring.security6.UpgradeSpringSecurity_6_3","7","4","6200","0.0","1800","11700","2416.0","4500"
"org.openrewrite.java.spring.security6.UpgradeSpringSecurity_6_2","7","4","12600","0.0","4300","10500","2288.0","3300"
"org.openrewrite.java.spring.security6.UpgradeSpringSecurity_6_5","7","4","8100","0.0","3300","6700","1904.0","1900"
"org.openrewrite.java.spring.security6.UpgradeSpringSecurity_6_4","7","4","5500","0.0","2600","6100","1392.0","1400"
"org.openrewrite.java.spring.data.UseJpaRepositoryGetReferenceById","7","4","12400","0.0","8500","10300","1520.0","6300"
"org.openrewrite.java.migrate.lang.MigrateCharacterIsSpaceToIsWhitespace","7","4","5400","0.0","3400","14100","4344.0","6600"
"org.openrewrite.java.testing.junit5.AddMissingTestBeforeAfterAnnotations","7","4","0","0.0","0","3654700","3670012.0","3581000"
"org.openrewrite.java.migrate.jakarta.JavaxOrmXmlToJakartaOrmXml","7","4","22800","0.0","9500","10700","1712.0","4300"
"org.openrewrite.apache.httpclient5.MigrateRequestConfig","7","4","0","0.0","0","46900","6904.0","6700"
"org.openrewrite.java.spring.framework.MigrateWebExchangeBindExceptionResolveErrorMethod","7","4","0","0.0","0","6200","2300.0","2300"
"org.openrewrite.java.testing.junit5.IgnoreToDisabled","7","4","0","0.0","0","30000","2912.0","20700"
"org.openrewrite.java.spring.data.UseJpaRepositoryGetById","7","4","12800","0.0","9600","11200","1504.0","5800"
"org.openrewrite.hibernate.MigrateResultCheckStyleToExpectation","7","4","0","0.0","0","18700","10748.0","10400"
"org.openrewrite.java.spring.boot2.GetErrorAttributes","7","4","0","0.0","0","19800","9212.0","8900"
"org.openrewrite.hibernate.EmptyInterceptorToInterface","7","4","0","0.0","0","1801400","311292.0","309800"
"org.openrewrite.java.spring.boot3.UpgradeMyBatisToSpringBoot_2_7","7","4","21000","0.0","8600","49300","19440.0","19200"
"org.openrewrite.openapi.swagger.MigrateApiResponsesToApiResponses","7","4","21900","0.0","14700","19800","2752.0","7900"
"org.openrewrite.staticanalysis.AddSerialAnnotationToSerialVersionUID","7","4","0","0.0","0","1055600","589816.0","586600"
"org.openrewrite.java.testing.testcontainers.Testcontainers2ContainerClasses","7","4","0","0.0","0","38000","204.0","37500"
"org.openrewrite.java.spring.cloud2024.DependencyUpgrades","7","4","6900","0.0","3700","7100","1528.0","2200"
"org.openrewrite.java.migrate.jakarta.JakartaWebXml6","7","4","8100","0.0","5700","12600","7664.0","7500"
"org.openrewrite.java.spring.SeparateApplicationPropertiesByProfile","7","4","1985600","0.0","1895700","878700","688064.0","683300"
"org.openrewrite.java.migrate.javax.AddJaxbRuntime","7","4","643700","0.0","414800","3665800","118272.0","3432200"
"org.openrewrite.maven.ChangeDependencyClassifier","7","4","0","0.0","0","1329200","924.0","443700"
"org.openrewrite.maven.AddPluginDependency","7","4","0","0.0","0","700","100.0","300"
"org.openrewrite.java.spring.kafka.UpgradeSpringKafka_3_0","7","4","2300","0.0","600","11100","3324.0","3200"
"org.openrewrite.openapi.swagger.ConvertApiResponseToContent","7","4","0","0.0","0","14000","4344.0","4100"
"org.openrewrite.java.spring.framework.MigrateWebMvcConfigurerAdapter","7","4","0","0.0","0","278400","77820.0","76000"
"org.openrewrite.java.migrate.javaee8.ApacheDefaultProvider","7","4","6500","0.0","4400","14400","2032.0","7900"
"org.openrewrite.maven.ChangeDependencyScope","7","4","0","0.0","0","391700","508.0","222400"
"org.openrewrite.java.testing.testcontainers.ExplicitContainerImages","7","4","0","0.0","0","31900","828.0","30500"
"org.openrewrite.java.spring.boot2.MigrateRestTemplateBuilderTimeoutByInt","7","4","0","0.0","0","80000","29688.0","29900"
"org.openrewrite.java.migrate.jakarta.RemoveBeanIsNullable","7","4","0","0.0","0","271700","204796.0","202200"
"org.openrewrite.java.spring.boot2.MigrateSpringBootServletInitializerPackageName","7","4","7800","0.0","3200","14300","1392.0","9200"
"org.openrewrite.java.spring.cloud2025.UpgradeSpringCloud_2025","7","4","6400","0.0","2600","12700","6128.0","5900"
"org.openrewrite.java.spring.ChangeSpringPropertyValue","7","4","0","0.0","0","12297500","475132.0","1016000"
"org.openrewrite.java.migrate.jakarta.JavaxInjectMigrationToJakartaInject","7","4","10700","0.0","4100","20800","7416.0","7200"
"org.openrewrite.java.migrate.jakarta.RemovedJakartaFacesExpressionLanguageClasses","7","4","8500","0.0","2000","23600","2672.0","5600"
"org.openrewrite.java.spring.security5.UseNewSecurityMatchers","7","4","0","0.0","0","307500","311288.0","300200"
"org.openrewrite.java.migrate.jakarta.JavaxJspToJakartaJsp","7","4","12400","0.0","6400","12500","1200.0","7300"
"org.openrewrite.java.testing.mockito.MockUtilsToStatic","7","4","0","0.0","0","19600","3064.0","4100"
"org.openrewrite.java.ChangePackageInStringLiteral","7","4","0","0.0","0","1553200","884732.0","854500"
"org.openrewrite.maven.RemoveRedundantDependencyVersions","7","4","0","0.0","0","1079300","204.0","253100"
"org.openrewrite.java.spring.boot3.UpgradeMyBatisToSpringBoot_2_1","7","4","50800","0.0","5300","112200","4348.0","46600"
"org.openrewrite.java.spring.boot3.UpgradeMyBatisToSpringBoot_2_2","7","4","58700","0.0","9600","107300","9200.0","21500"
"org.openrewrite.java.migrate.BeanDiscovery","7","4","0","0.0","0","147000","1328.0","142500"
"org.openrewrite.java.spring.boot3.UpgradeMyBatisToSpringBoot_2_0","7","4","49800","0.0","5400","86700","3196.0","11800"
"org.openrewrite.java.spring.boot3.UpgradeMyBatisToSpringBoot_2_5","7","4","44500","0.0","12000","51100","10232.0","10100"
"org.openrewrite.java.spring.boot3.UpgradeMyBatisToSpringBoot_2_6","7","4","26800","0.0","5700","40100","10232.0","10100"
"org.openrewrite.java.spring.boot3.UpgradeMyBatisToSpringBoot_2_3","7","4","49100","0.0","11700","69000","5616.0","9200"
"org.openrewrite.java.spring.boot3.UpgradeMyBatisToSpringBoot_2_4","7","4","40000","0.0","10200","55200","6136.0","8100"
"org.openrewrite.maven.UpgradePluginVersion","7","4","0","0.0","0","2936100","22524.0","343600"
"org.openrewrite.java.migrate.UpgradePluginsForJava17","7","4","10800","0.0","8400","12400","2544.0","5600"
"org.openrewrite.java.migrate.UpgradePluginsForJava11","7","4","9900","0.0","6500","25600","6384.0","12300"
"org.openrewrite.java.migrate.jakarta.UpdateJerseyDependencies","7","4","13300","0.0","5100","8600","2800.0","2800"
"org.openrewrite.java.testing.junit5.CleanupJUnitImports","7","4","0","0.0","0","32700","13816.0","13800"
"org.openrewrite.java.migrate.jakarta.UpdateApacheShiroDependencies","7","4","10100","0.0","4300","17000","4576.0","4400"
"org.openrewrite.java.migrate.lang.MigrateRuntimeVersionSecurityToUpdate","7","4","13000","0.0","10900","11900","2808.0","5700"
"org.openrewrite.java.spring.boot2.SpringBootProperties_2_7","7","4","14500","0.0","8600","59500","38880.0","37500"
"org.openrewrite.java.spring.boot2.SpringBootProperties_2_5","7","4","13300","0.0","9700","22000","6336.0","7300"
"org.openrewrite.java.spring.boot2.SpringBootProperties_2_6","7","4","10300","0.0","5200","11900","2272.0","3700"
"org.openrewrite.java.migrate.net.MigrateHttpURLConnectionHttpServerErrorToHttpInternalError","7","4","0","0.0","0","38900","26616.0","26100"
"org.openrewrite.java.spring.boot2.SpringBootProperties_2_3","7","4","13500","0.0","8400","18500","3580.0","10400"
"org.openrewrite.java.migrate.ReplaceAWTGetPeerMethod","7","4","0","0.0","0","7700","3196.0","3100"
"org.openrewrite.java.spring.boot2.SpringBootProperties_2_4","7","4","17300","0.0","12100","14200","1520.0","9400"
"org.openrewrite.java.spring.boot2.SpringBootProperties_2_1","7","4","7700","0.0","5100","24200","7416.0","11400"
"org.openrewrite.apache.httpclient5.MigrateStringEntityStringCharsetConstructor","7","4","0","0.0","0","60900","10748.0","10400"
"org.openrewrite.java.spring.boot2.SpringBootProperties_2_2","7","4","6900","0.0","2600","19500","2288.0","11400"
"org.openrewrite.java.spring.boot2.SpringBootProperties_2_0","7","4","10800","0.0","4000","23300","8688.0","8700"
"org.openrewrite.java.migrate.lang.ExplicitRecordImport","7","4","0","0.0","0","749800","458736.0","456600"
"org.openrewrite.apache.httpclient5.UpgradeApacheHttpCoreNioDependencies","7","4","20100","0.0","4000","13200","1336.0","1300"
"org.openrewrite.java.testing.junit5.ExpectedExceptionToAssertThrows","7","4","0","0.0","0","12900","2808.0","5500"
"org.openrewrite.java.testing.junit5.AssertToAssertions","7","4","0","0.0","0","14600","6136.0","5900"
"org.openrewrite.java.migrate.jakarta.JavaxXmlToJakartaXmlXJCBinding","7","4","21200","0.0","6200","36100","2144.0","26900"
"org.openrewrite.java.testing.mockito.PowerMockitoMockStaticToMockito","7","4","0","0.0","0","793400","688120.0","674800"
"org.openrewrite.java.testing.junit5.UpgradeSurefirePlugin","7","4","0","0.0","0","29600","3808.0","21400"
"org.openrewrite.java.migrate.jakarta.MigratePluginsForJakarta10","7","4","42000","0.0","28600","13400","2784.0","3900"
"org.openrewrite.java.spring.boot2.MigrateConfigurationPropertiesBindingPostProcessorValidatorBeanName","7","4","0","0.0","0","16700","4348.0","5600"
"org.openrewrite.java.migrate.jakarta.RemovedUIComponentConstant","7","4","10700","0.0","2500","52100","27632.0","27000"
"org.openrewrite.java.migrate.jakarta.JavaxWebXmlToJakartaWebXml","7","4","5500","0.0","1100","26700","7408.0","7200"
"org.openrewrite.xml.RemoveXmlTag","7","4","0","0.0","0","303600","412.0","301900"
"org.openrewrite.java.spring.ChangeMethodParameter","7","4","0","0.0","0","14700","8700.0","8200"
"org.openrewrite.java.migrate.RemovedSecurityManagerMethods","7","4","0","0.0","0","434400","221180.0","219800"
"org.openrewrite.java.spring.cloud2022.MigrateCloudSleuthToMicrometerTracing","7","4","15100","0.0","7200","7700","1376.0","1900"
"org.openrewrite.maven.RemoveManagedDependency","7","4","0","0.0","0","507000","1404.0","181400"
"org.openrewrite.openapi.swagger.SwaggerToOpenAPI","7","4","53100","0.0","48500","12200","912.0","8100"
"org.openrewrite.openapi.swagger.MigrateApiModelToSchema","7","4","0","0.0","0","13800","3064.0","5000"
"org.openrewrite.java.migrate.concurrent.MigrateAtomicReferenceArrayWeakCompareAndSetToWeakCompareAndSetPlain","7","4","11000","0.0","9000","22000","8176.0","8100"
"org.openrewrite.java.migrate.jakarta.UpgradeFaces3OpenSourceLibraries","7","4","7400","0.0","1200","21800","4080.0","4000"
"org.openrewrite.java.migrate.jakarta.EhcacheJavaxToJakarta","7","4","11000","0.0","8400","22000","3264.0","9000"
"org.openrewrite.java.spring.boot2.MigrateDatabaseCredentialsForToolYaml","7","4","0","0.0","0","2253100","1376252.0","1374900"
"org.openrewrite.java.spring.boot3.ConfigurationOverEnableSecurity","7","4","0","0.0","0","1054900","884720.0","861300"
"org.openrewrite.java.migrate.jakarta.RemovedJakartaFacesResourceResolver","7","4","32300","0.0","21300","25500","5112.0","5500"
"org.openrewrite.apache.httpclient5.MigrateAuthScope","7","4","0","0.0","0","68200","13304.0","13100"
"org.openrewrite.java.testing.arquillian.ReplaceArquillianInSequenceAnnotation","7","4","0","0.0","0","21100","6896.0","6700"
"org.openrewrite.java.ChangeAnnotationAttributeName","7","4","0","0.0","0","143800","17392.0","17200"
"org.openrewrite.java.spring.security6.oauth2.client.OAuth2LoginLambdaDsl","7","4","0","0.0","0","55500","22512.0","22300"
"org.openrewrite.java.migrate.jakarta.JavaxWebsocketToJakartaWebsocket","7","4","13700","0.0","9100","34200","5504.0","9700"
"org.openrewrite.java.migrate.RemovedLegacySunJSSEProviderName","7","4","9100","0.0","4900","19000","4592.0","9200"
"org.openrewrite.java.migrate.jakarta.UpgradeFaces4OpenSourceLibraries","7","4","3100","0.0","1200","23100","9184.0","9100"
"org.openrewrite.java.spring.boot2.SpringBoot2BestPractices","7","4","23100","0.0","6100","40300","9712.0","13600"
"org.openrewrite.gradle.plugins.UpgradePluginVersion","7","4","6039500","0.0","967200","4615200","59360.0","2001800"
"org.openrewrite.java.spring.boot2.MigrateDatabaseCredentials","7","4","26700","0.0","18300","9400","1136.0","4700"
"org.openrewrite.java.migrate.ReplaceLocalizedStreamMethods","7","4","0","0.0","0","270700","204796.0","203300"
"org.openrewrite.java.migrate.javax.MigrateElementKindVisitor6To9","7","4","10200","0.0","7100","11500","2288.0","5300"
"org.openrewrite.java.spring.boot2.MigrateApplicationHealthIndicatorToPingHealthIndicator","7","4","26200","0.0","10900","11500","2800.0","4800"
"org.openrewrite.java.migrate.UpgradeJavaVersion","7","4","0","0.0","0","3951300","1245180.0","1233600"
"org.openrewrite.apache.httpclient5.UpgradeApacheHttpClient_5","7","4","14800","0.0","3100","22900","1904.0","2300"
"org.openrewrite.java.spring.boot3.ActuatorEndpointSanitization","7","4","4300","0.0","2000","13800","3168.0","3600"
"org.openrewrite.java.migrate.lang.MigrateClassNewInstanceToGetDeclaredConstructorNewInstance","7","4","0","0.0","0","393100","237560.0","236500"
"org.openrewrite.java.migrate.jakarta.JavaxXmlSoapToJakartaXmlSoap","7","4","12200","0.0","3800","76100","32640.0","32000"
"org.openrewrite.java.spring.batch.ReplaceSupportClassWithItsInterface","7","4","0","0.0","0","57900","18428.0","18100"
"org.openrewrite.apache.httpclient4.MigrateDefaultHttpClient","7","4","0","0.0","0","36100","6904.0","6800"
"org.openrewrite.java.spring.batch.ConvertReceiveTypeWhenCallStepExecutionMethod","7","4","0","0.0","0","16300","9724.0","9300"
"org.openrewrite.java.spring.boot2.HttpSecurityLambdaDsl","7","4","0","0.0","0","15435600","1.5728624E7","15427300"
"org.openrewrite.java.migrate.cobertura.RemoveCoberturaMavenPlugin","7","4","13700","0.0","10800","7900","1904.0","1900"
"org.openrewrite.java.migrate.javax.MigrateXMLInputFactoryNewInstanceToNewFactory","7","4","5600","0.0","3300","10100","2544.0","2500"
"org.openrewrite.java.migrate.lang.MigrateRuntimeVersionMajorToFeature","7","4","11300","0.0","9400","16100","7152.0","7000"
"org.openrewrite.java.spring.framework.UpgradeSpringFramework_5_1","7","4","29100","0.0","9900","36800","2800.0","7900"
"org.openrewrite.java.spring.framework.UpgradeSpringFramework_5_2","7","4","29200","0.0","7500","38300","6136.0","7700"
"org.openrewrite.java.spring.framework.UpgradeSpringFramework_5_3","7","4","30100","0.0","9800","26700","2040.0","6800"
"org.openrewrite.java.migrate.jacoco.UpgradeJaCoCo","7","4","6400","0.0","3800","19100","4336.0","11900"
"org.openrewrite.java.spring.framework.UpgradeSpringFramework_5_0","7","4","23500","0.0","3800","78300","19452.0","19200"
"org.openrewrite.java.migrate.concurrent.MigrateAtomicBooleanWeakCompareAndSetToWeakCompareAndSetPlain","7","4","8100","0.0","5700","18100","3312.0","9600"
"org.openrewrite.java.migrate.jakarta.JavaxDecoratorToJakartaDecorator","7","4","13200","0.0","5600","8400","1648.0","2700"
"org.openrewrite.java.migrate.logging.JavaLoggingAPIs","7","4","10900","0.0","8300","27000","5600.0","9500"
"org.openrewrite.java.spring.security6.UpdateEnableReactiveMethodSecurity","7","4","0","0.0","0","15300","7152.0","7100"
"org.openrewrite.java.migrate.jakarta.JavaxEjbJarXmlToJakartaEjbJarXml","7","4","4600","0.0","1300","12300","5856.0","5700"
"org.openrewrite.java.spring.security6.UseSha256InRememberMe","7","4","0","0.0","0","63700","49136.0","47200"
"org.openrewrite.hibernate.RemoveInvalidHibernateGeneratedValueAnnotation","7","4","0","0.0","0","35800","13296.0","13200"
"org.openrewrite.java.spring.security6.oauth2.client.OAuth2ClientLambdaDsl","7","4","0","0.0","0","19400","8696.0","8300"
"org.openrewrite.java.spring.data.RefactorSimpleMongoDbFactory","7","4","0","0.0","0","39000","12792.0","12300"
"org.openrewrite.apache.httpclient5.MigrateSSLConnectionSocketFactory","7","4","0","0.0","0","50600","8184.0","8000"
"org.openrewrite.java.migrate.BouncyCastleFromJdk15OnToJdk15to18","7","4","13500","0.0","5900","23200","4320.0","12000"
"org.openrewrite.java.spring.security5.ReplaceGlobalMethodSecurityWithMethodSecurity","7","4","0","0.0","0","10000","4600.0","4600"
"org.openrewrite.java.migrate.javax.JavaxManagementMonitorAPIs","7","4","4400","0.0","1800","13300","1904.0","6800"
"org.openrewrite.java.migrate.IllegalArgumentExceptionToAlreadyConnectedException","7","4","0","0.0","0","14100","8188.0","8100"
"org.openrewrite.java.spring.cloud2025.DependencyUpgrades","7","4","3900","0.0","1900","7300","3960.0","3900"
"org.openrewrite.java.migrate.RemovedSSLSessionGetPeerCertificateChainMethodImpl","7","4","9100","0.0","6400","11700","2680.0","5600"
"org.openrewrite.java.ChangeMethodName","7","4","0","0.0","0","7557000","81916.0","173100"
"org.openrewrite.java.migrate.lombok.UpdateLombokToJava11","7","4","7000","0.0","4800","22000","4576.0","8100"
"org.openrewrite.java.testing.junit5.UseXMLUnitLegacy","7","4","0","0.0","0","41100","1904.0","35400"
"org.openrewrite.java.spring.framework.MigrateHandlerResultHasExceptionHandlerMethod","7","4","0","0.0","0","7000","3196.0","3100"
"org.openrewrite.java.migrate.jakarta.JettyUpgradeEE10","7","4","9700","0.0","5300","12100","1824.0","4700"
"org.openrewrite.java.migrate.AddMissingMethodImplementation","7","4","0","0.0","0","436500","77816.0","74600"
"org.openrewrite.java.migrate.ThreadStopDestroy","7","4","4700","0.0","1900","54100","2800.0","46600"
"org.openrewrite.java.testing.junit5.UpdateMockWebServer","7","4","0","0.0","0","14200","4344.0","4300"
"org.openrewrite.java.spring.framework.UseObjectUtilsIsEmpty","7","4","50000","0.0","10200","43400","4080.0","7300"
"org.openrewrite.java.spring.batch.UpgradeSkipPolicyParameterType","7","4","2600","0.0","900","18800","6112.0","6000"
"org.openrewrite.java.migrate.JpaCacheProperties","7","4","0","0.0","0","80400","700.0","77900"
"org.openrewrite.java.ChangeMethodTargetToStatic","7","4","0","0.0","0","299700","18428.0","62800"
"org.openrewrite.java.testing.testcontainers.Testcontainers2Migration","7","4","17800","0.0","13200","30800","3424.0","19700"
"org.openrewrite.java.migrate.javax.AddJaxbAPIDependencies","7","4","11100","0.0","9200","31500","1200.0","26800"
"org.openrewrite.xml.ChangeTagAttribute","7","4","0","0.0","0","15498000","700.0","3701400"
"org.openrewrite.apache.httpclient5.UpgradeApacheHttpClient_5_TimeUnit","7","4","11400","0.0","1800","25700","3696.0","3700"
"org.openrewrite.java.spring.boot2.HeadersConfigurerLambdaDsl","7","4","0","0.0","0","121400","118776.0","117200"
"org.openrewrite.java.migrate.lang.UseTextBlocks","7","4","0","0.0","0","564700","376824.0","361300"
"org.openrewrite.java.flyway.AddFlywayModuleMySQL","7","4","9500","0.0","2600","6300","816.0","3200"
"org.openrewrite.openapi.swagger.MigrateApiImplicitParam","7","4","0","0.0","0","26200","9200.0","9100"
"org.openrewrite.apache.httpclient5.UpgradeApacheHttpClient_5_DeprecatedMethods","7","4","20200","0.0","4600","67300","5872.0","5800"
"org.openrewrite.java.testing.junit5.ExcludeJUnit4UnlessUsingTestcontainers","7","4","18000","0.0","8600","23800","13280.0","12900"
"org.openrewrite.java.migrate.jakarta.RestAssuredJavaxToJakarta","7","4","12000","0.0","5300","11500","1712.0","4700"
"org.openrewrite.java.testing.mockito.CleanupMockitoImports","7","4","0","0.0","0","162000","114680.0","112200"
"org.openrewrite.java.migrate.UpgradeToJava17","7","4","13200","0.0","5900","58400","5360.0","46800"
"org.openrewrite.java.spring.boot2.UpgradeSpringBoot_2_2","7","4","9100","0.0","6400","13000","2032.0","7100"
"org.openrewrite.java.spring.boot2.UpgradeSpringBoot_2_3","7","4","12000","0.0","6100","8900","1208.0","5100"
"org.openrewrite.java.spring.boot2.UpgradeSpringBoot_2_4","7","4","10100","0.0","7200","12000","1328.0","6900"
"org.openrewrite.java.spring.boot2.UpgradeSpringBoot_2_5","7","4","11800","0.0","4100","9800","3832.0","3800"
"org.openrewrite.java.spring.boot2.UpgradeSpringBoot_2_0","7","4","11700","0.0","6800","28300","824.0","24800"
"org.openrewrite.java.spring.boot2.UpgradeSpringBoot_2_1","7","4","15100","0.0","12600","15500","4592.0","4800"
"org.openrewrite.java.spring.boot2.UpgradeSpringBoot_2_6","7","4","15800","0.0","14000","8100","1120.0","2600"
"org.openrewrite.java.migrate.javax.MigrateAbstractTypeVisitor6To9","7","4","8100","0.0","5300","13800","3312.0","5800"
"org.openrewrite.java.spring.boot2.UpgradeSpringBoot_2_7","7","4","5100","0.0","2700","7200","1712.0","2200"
"org.openrewrite.java.migrate.jakarta.JavaxAuthorizationMigrationToJakartaAuthorization","7","4","11300","0.0","5000","8400","1392.0","2800"
"org.openrewrite.java.dependencies.ChangeDependency","7","4","0","0.0","0","116459000","14332.0","3566000"
"org.openrewrite.java.migrate.JREJdbcInterfaceNewMethods","7","4","6100","0.0","3300","17300","3440.0","9000"
"org.openrewrite.java.spring.framework.MigrateResponseStatusExceptionGetStatusCodeMethod","7","4","0","0.0","0","22600","6396.0","6200"
"org.openrewrite.apache.httpclient4.UpgradeApacheHttpClient_4_5","7","4","14100","0.0","3200","14100","1400.0","1400"
"org.openrewrite.openapi.swagger.MigrateApiImplicitParamsToParameters","7","4","17100","0.0","12300","21600","2656.0","11400"
"org.openrewrite.java.migrate.javax.MigrateAbstractAnnotationValueVisitor6To9","7","4","4600","0.0","2600","13000","3056.0","7000"
"org.openrewrite.java.spring.boot2.DatabaseComponentAndBeanInitializationOrdering","7","4","7955800","0.0","7527800","22100","5856.0","7000"
"org.openrewrite.java.springdoc.ApiInfoBuilderToInfo","7","4","0","0.0","0","1797900","310272.0","1260400"
"org.openrewrite.java.testing.junit5.AddJupiterDependencies","7","4","2105300","0.0","1235100","3373600","27392.0","3301900"
"org.openrewrite.java.spring.batch.MigrateItemWriterWrite","7","4","0","0.0","0","18200","7672.0","7600"
"org.openrewrite.hibernate.MigrateToHypersistenceUtilsHibernate6.2","7","4","21000","0.0","5100","35300","6396.0","6200"
"org.openrewrite.java.migrate.concurrent.MigrateAtomicIntegerWeakCompareAndSetToWeakCompareAndSetPlain","7","4","6900","0.0","4800","15600","3184.0","8500"
"org.openrewrite.java.testing.junit5.TemporaryFolderToTempDir","7","4","0","0.0","0","12900","3324.0","4700"
"org.openrewrite.java.migrate.logging.MigrateInterfaceLoggingMXBeanToPlatformLoggingMXBean","7","4","8600","0.0","6600","31300","6336.0","13600"
"org.openrewrite.hibernate.MigrateToHypersistenceUtilsHibernate6.0","7","4","19600","0.0","4100","30900","3448.0","3400"
"org.openrewrite.hibernate.MigrateToHypersistenceUtilsHibernate6.3","7","4","4900","0.0","500","10400","1016.0","2400"
"org.openrewrite.java.migrate.javax.MigrateCounterMonitorSetThresholdToSetInitThreshold","7","4","4200","0.0","1700","15300","2288.0","9100"
"org.openrewrite.java.spring.boot2.DatabaseComponentAndBeanInitializationOrderingUnconditionally","7","4","0","0.0","0","47200","17344.0","16900"
"org.openrewrite.apache.httpclient5.CredentialsStoreSetCredentials","7","4","58400","0.0","19900","70000","6128.0","6100"
"org.openrewrite.java.migrate.InternalBindPackages","7","4","13900","0.0","8800","30700","9712.0","9400"
"org.openrewrite.java.migrate.jakarta.JavaxMailToJakartaMail","7","4","51700","0.0","49000","11000","1656.0","5200"
"org.openrewrite.java.migrate.RemovedRMIConnectorServerCredentialTypesConstant","7","4","13100","0.0","10300","9100","2416.0","3000"
"org.openrewrite.java.migrate.concurrent.JavaConcurrentAPIs","7","4","10100","0.0","4500","22200","5344.0","12200"
"org.openrewrite.hibernate.MigrateToHibernate65","7","4","7600","0.0","3500","10900","1656.0","5100"
"org.openrewrite.hibernate.MigrateToHibernate64","7","4","12900","0.0","3900","19500","3312.0","3300"
"org.openrewrite.hibernate.MigrateToHibernate61","7","4","63300","0.0","31900","28800","9720.0","9300"
"org.openrewrite.hibernate.MigrateToHibernate60","7","4","21500","0.0","3300","37600","20464.0","20300"
"org.openrewrite.hibernate.MigrateToHibernate63","7","4","16000","0.0","6700","11700","2416.0","2400"
"org.openrewrite.hibernate.MigrateToHibernate62","7","4","23300","0.0","5600","20300","3192.0","3100"
"org.openrewrite.apache.httpclient5.ChangeArgumentToTimeValue","7","4","0","0.0","0","22200","3964.0","3900"
"org.openrewrite.gradle.UpdateJavaCompatibility","7","4","0","0.0","0","343800","40832.0","40500"
"org.openrewrite.java.migrate.jakarta.JohnzonJavaxToJakarta","7","4","8500","0.0","4900","15200","2016.0","7600"
"org.openrewrite.java.migrate.jakarta.JavaxFacesConfigXmlToJakartaFacesConfigXml","7","4","18400","0.0","13600","23900","6896.0","6800"
"org.openrewrite.java.testing.junit5.TempDirNonFinal","7","4","0","0.0","0","10900","2808.0","3800"
"org.openrewrite.java.spring.kafka.RemoveUsingCompletableFuture","7","4","0","0.0","0","7561200","7602172.0","7416200"
"org.openrewrite.gradle.UpdateGradleWrapper","7","4","9850200","0.0","5187900","215500","34800.0","34800"
"org.openrewrite.java.migrate.lang.MigrateSecurityManagerMulticast","7","4","0","0.0","0","9900","5116.0","5100"
"org.openrewrite.java.spring.boot2.UnnecessarySpringExtension","7","4","0","0.0","0","56500","7408.0","30300"
"org.openrewrite.java.spring.batch.RemoveDefaultBatchConfigurer","7","4","0","0.0","0","137800","126968.0","125600"
"org.openrewrite.java.flyway.AddFlywayModuleSqlServer","7","4","6800","0.0","2200","6900","924.0","3500"
"org.openrewrite.java.UseStaticImport","7","4","0","0.0","0","16100","5112.0","5000"
"org.openrewrite.java.migrate.javax.AddJaxwsRuntime$AddJaxwsRuntimeGradle","7","4","0","0.0","0","7700","1200.0","3700"
"org.openrewrite.java.spring.data.UseJpaRepositoryDeleteAllInBatch","7","4","112600","0.0","110000","13600","3296.0","5000"
"org.openrewrite.java.migrate.jakarta.RemovedSOAPElementFactory","7","4","3100","0.0","1200","8000","3312.0","3200"
"org.openrewrite.java.spring.security6.RemoveUseAuthorizationManager","7","4","5000","0.0","2100","19800","4320.0","5300"
"org.openrewrite.java.migrate.jakarta.FacesJNDINamesChanged","7","4","9600","0.0","2100","25800","5616.0","5500"
"org.openrewrite.java.spring.security5.AuthorizeHttpRequests","7","4","0","0.0","0","11113300","1.1534332E7","11062500"
"org.openrewrite.java.spring.NoAutowiredOnConstructor","7","4","0","0.0","0","14600","4856.0","5400"
"org.openrewrite.java.migrate.net.MigrateMulticastSocketSetTTLToSetTimeToLive","7","4","0","0.0","0","28400","17404.0","16500"
"org.openrewrite.java.spring.security6.RequireExplicitSavingOfSecurityContextRepository","7","4","0","0.0","0","25500","17392.0","17200"
"org.openrewrite.java.spring.framework.JdbcTemplateObjectArrayArgToVarArgs","7","4","0","0.0","0","94400","27644.0","26700"
"org.openrewrite.java.spring.boot2.MigrateActuatorMediaTypeToApiVersion","7","4","0","0.0","0","393900","204796.0","204300"
"org.openrewrite.java.spring.framework.MigrateSpringAssert","7","4","46800","0.0","18000","30500","2272.0","4300"
"org.openrewrite.java.migrate.Java8toJava11","7","4","13100","0.0","7300","18600","5360.0","9500"
"org.openrewrite.java.spring.boot2.MigrateDatabaseCredentialsForToolProperties","7","4","0","0.0","0","158800","126972.0","123600"
"org.openrewrite.apache.httpclient5.UsernamePasswordCredentials","7","4","0","0.0","0","52900","34812.0","34000"
"org.openrewrite.scala.migrate.UpgradeScala_2_12","7","4","10400","0.0","7600","25400","1648.0","18700"
"org.openrewrite.java.spring.framework.MigrateBase64Utils","7","4","0","0.0","0","20600","10748.0","10600"
"org.openrewrite.java.testing.dbrider.ExecutionListenerToDbRiderAnnotation","7","4","0","0.0","0","75400","55280.0","55100"
"org.openrewrite.java.spring.boot2.MoveAutoConfigurationToImportsFile","7","4","194800","0.0","82700","732300","37888.0","569900"
"org.openrewrite.java.spring.cloud2025.SpringCloudGatewayWebfluxProperties","7","4","1971800","0.0","1397400","5800","1840.0","1800"
"org.openrewrite.java.spring.cloud2025.SpringCloudGatewayDeprecatedModulesAndStarters","7","4","23700","0.0","9400","6400","1840.0","1800"
"org.openrewrite.java.spring.boot2.MigrateUndertowServletWebServerFactoryIsEagerInitFilters","7","4","20000","0.0","11500","11500","1200.0","6700"
"org.openrewrite.java.testing.mockito.CleanupPowerMockImports","7","4","0","0.0","0","73800","34812.0","34000"
"org.openrewrite.java.spring.framework.MigrateClientHttpResponseGetRawStatusCodeMethod","7","4","0","0.0","0","7600","2940.0","2900"
"org.openrewrite.java.testing.junit5.UseHamcrestAssertThat","7","4","0","0.0","0","22000","1120.0","17000"
"org.openrewrite.java.spring.boot3.MigrateWebMvcTagsToObservationConvention","7","4","0","0.0","0","509800","294904.0","286300"
"org.openrewrite.java.migrate.jakarta.JavaxJsonToJakartaJson","7","4","4100","0.0","1800","23500","2288.0","15400"
"org.openrewrite.java.migrate.jakarta.UpdateJakartaFacesApi3","7","4","24900","0.0","19800","12400","1648.0","1600"
"org.openrewrite.java.migrate.jakarta.UpdateJakartaFacesApi4","7","4","11000","0.0","6200","8200","2016.0","2000"
"org.openrewrite.java.spring.DeleteSpringProperty","7","4","0","0.0","0","10527500","4718588.0","4703800"
"org.openrewrite.java.ChangeMethodAccessLevel","7","4","0","0.0","0","40100","11772.0","11300"
"org.openrewrite.github.SetupJavaUpgradeJavaVersion","7","4","0","0.0","0","35300","11744.0","11500"
"org.openrewrite.java.testing.junit5.EnvironmentVariables","7","4","0","0.0","0","12636000","1.1010044E7","10800100"
"org.openrewrite.java.migrate.JREThrowableFinalMethods","7","4","0","0.0","0","50500","26616.0","26500"
"org.openrewrite.hibernate.MigrateToHibernateDependencies60","7","4","17400","0.0","2100","20900","5624.0","5600"
"org.openrewrite.java.migrate.jakarta.UpdateApacheWSSecurityPackages","7","4","9900","0.0","4300","20100","6112.0","6000"
"org.openrewrite.java.testing.mockito.RemoveInitMocksIfRunnersSpecified","7","4","0","0.0","0","27700","6396.0","6300"
"org.openrewrite.apache.httpclient5.StatusLine","7","4","27000","0.0","9900","110300","24560.0","24400"
"org.openrewrite.maven.ChangePluginGroupIdAndArtifactId","7","4","0","0.0","0","161000","508.0","160100"
"org.openrewrite.java.testing.junit5.VertxUnitToVertxJunit5","7","4","19500","0.0","8800","19200","3296.0","7800"
"org.openrewrite.java.dependencies.RemoveDependency","7","4","7240100","0.0","1539100","14151500","85984.0","1177600"
"org.openrewrite.java.spring.boot2.OutputCaptureExtension","7","4","0","0.0","0","32500","13308.0","13300"
"org.openrewrite.java.testing.junit5.ParameterizedRunnerToParameterized","7","4","0","0.0","0","21100","10232.0","9800"
"org.openrewrite.java.testing.junit5.CategoryToTag","7","4","0","0.0","0","11700","3324.0","4200"
"org.openrewrite.java.spring.boot3.MigrateThymeleafDependencies","7","4","9200","0.0","3600","46200","8576.0","11000"
"org.openrewrite.java.migrate.SunNetSslPackageUnavailable","7","4","8100","0.0","5300","9800","2288.0","3600"
"org.openrewrite.java.spring.framework.MigrateHandlerResultSetExceptionHandlerMethod","7","4","0","0.0","0","61700","12792.0","42600"
"org.openrewrite.java.migrate.RemovedZipFinalizeMethods","7","4","9000","0.0","5900","15900","3440.0","8000"
"org.openrewrite.java.migrate.jakarta.JavaxServletToJakartaServlet","7","4","24100","0.0","11600","11100","1648.0","4800"
"org.openrewrite.java.migrate.jakarta.ApplicationPathWildcardNoLongerAccepted","7","4","0","0.0","0","487400","360440.0","352000"
"org.openrewrite.java.migrate.jakarta.JavaxActivationMigrationToJakartaActivation","7","4","7100","0.0","3900","15700","2288.0","8700"
"org.openrewrite.java.testing.mockito.AnyToNullable","7","4","13733200","0.0","8686100","429500","6272.0","383300"
"org.openrewrite.maven.UpdateMavenProjectPropertyJavaVersion","7","4","0","0.0","0","84034200","204.0","83505400"
"org.openrewrite.java.migrate.javax.MigrateSimpleElementVisitor6To9","7","4","11300","0.0","7900","14100","2672.0","6800"
"org.openrewrite.java.testing.mockito.PowerMockitoWhenNewToMockito","7","4","0","0.0","0","38400","21500.0","21200"
"org.openrewrite.java.migrate.concurrent.MigrateAtomicIntegerArrayWeakCompareAndSetToWeakCompareAndSetPlain","7","4","7000","0.0","4700","15600","2288.0","9100"
"org.openrewrite.java.migrate.jakarta.JacksonJavaxToJakarta","7","4","13400","0.0","5600","12800","2912.0","3700"
"org.openrewrite.java.spring.data.UpgradeSpringData_3_4","7","4","10500","0.0","4200","7000","1648.0","1600"
"org.openrewrite.java.migrate.jakarta.JavaxBeanValidationXmlToJakartaBeanValidationXml","7","4","4400","0.0","1000","13600","4576.0","4500"
"org.openrewrite.maven.RemovePluginDependency","7","4","0","0.0","0","1052600","508.0","1050600"
"org.openrewrite.openapi.swagger.MigrateApiModelPropertyToSchema","7","4","11500","0.0","7400","21000","3296.0","10000"
"org.openrewrite.java.spring.cloud2025.SpringCloudGatewayWebMvcProperties","7","4","917100","0.0","771900","6800","2288.0","2300"
"org.openrewrite.java.spring.boot2.MergeBootstrapYamlWithApplicationYaml","7","4","836100","0.0","444500","48100","6592.0","27900"
"org.openrewrite.java.springdoc.UpgradeSpringDoc_2","7","4","31700","0.0","4200","45600","5628.0","8700"
"org.openrewrite.java.migrate.jakarta.UpdateManagedBeanToNamed","7","4","0","0.0","0","295600","245728.0","240500"
"org.openrewrite.java.migrate.jakarta.JavaxXmlWsMigrationToJakartaXmlWs","7","4","13800","0.0","5800","18300","4064.0","6000"
"org.openrewrite.hibernate.TypeAnnotationParameter","7","4","0","0.0","0","55200","24572.0","23600"
"org.openrewrite.java.migrate.nio.file.PathsGetToPathOf","7","4","8600","0.0","4600","29300","12784.0","12300"
"org.openrewrite.java.spring.batch.MigrateJobParameter","7","4","0","0.0","0","42500","31740.0","30800"
"org.openrewrite.java.migrate.jakarta.RemovedIsParmetersProvidedMethod","7","4","5800","0.0","2000","7700","2288.0","2300"
"org.openrewrite.java.migrate.jakarta.JavaxAuthenticationMigrationToJakartaAuthentication","7","4","19200","0.0","12300","234600","2168.0","229100"
"org.openrewrite.openapi.swagger.MigrateApiParamToParameter","7","4","11500","0.0","8600","26700","2880.0","14100"
"org.openrewrite.java.testing.arquillian.ArquillianJUnit4ToArquillianJUnit5","7","4","0","0.0","0","43700","3680.0","31600"
"org.openrewrite.java.migrate.ReferenceCloneMethod","7","4","0","0.0","0","18100","9724.0","9500"
"org.openrewrite.java.spring.batch.JobParameterToString","7","4","0","0.0","0","6200","3580.0","3500"
"org.openrewrite.java.spring.framework.MigrateResponseEntityExceptionHandlerHttpStatusToHttpStatusCode","7","4","0","0.0","0","64100","15868.0","15800"
"org.openrewrite.java.springdoc.SwaggerToSpringDoc","7","4","17400","0.0","12400","62900","4288.0","49800"
"org.openrewrite.java.testing.dbrider.MigrateDbRiderSpringToDbRiderJUnit5","7","4","0","0.0","0","113400","6128.0","99100"
"org.openrewrite.maven.ExcludeDependency","7","4","0","0.0","0","896900","8700.0","751500"
"org.openrewrite.java.spring.kafka.KafkaTestUtilsDuration","7","4","0","0.0","0","28700","19448.0","18500"
"org.openrewrite.java.migrate.javaee6","7","4","8400","0.0","6200","8200","1016.0","4300"
"org.openrewrite.apache.httpclient5.NewStatusLine","7","4","0","0.0","0","13100","2300.0","2200"
"org.openrewrite.java.AddLiteralMethodArgument","7","4","0","0.0","0","183800","4604.0","9800"
"org.openrewrite.java.migrate.BounceCastleFromJdk15OntoJdk18On","7","4","10800","0.0","7600","38300","17344.0","17000"
"org.openrewrite.java.migrate.javaee8","7","4","9500","0.0","7000","12200","2672.0","6000"
"org.openrewrite.java.migrate.javaee7","7","4","9900","0.0","7300","13400","2288.0","6500"
"org.openrewrite.java.migrate.jakarta.JavaxPersistenceToJakartaPersistence","7","4","39400","0.0","10300","60300","5616.0","10900"
"org.openrewrite.java.ChangeType","7","4","0","0.0","0","125431400","360444.0","4223000"
"org.openrewrite.java.testing.mockito.MockitoJUnitRunnerToExtension","7","4","0","0.0","0","48300","17400.0","16500"
"org.openrewrite.maven.RemovePlugin","7","4","0","0.0","0","170800","1660.0","167500"
"org.openrewrite.java.spring.boot3.ChangeCassandraGroupId","7","4","8800","0.0","3500","9900","1712.0","4600"
"org.openrewrite.java.migrate.javax.AddJaxwsDependencies","7","4","25600","0.0","16800","17400","1520.0","11700"
"org.openrewrite.java.spring.data.MigrateJpaSort","7","4","0","0.0","0","426800","278520.0","269900"
"org.openrewrite.java.testing.junit5.TestRuleToTestInfo","7","4","0","0.0","0","12000","2552.0","5100"
"org.openrewrite.java.spring.boot2.ChangeEmbeddedServletContainerCustomizer","7","4","0","0.0","0","101800","77808.0","74000"
"org.openrewrite.java.migrate.jakarta.UpdateJakartaXmlWsEE10","7","4","14500","0.0","7900","10400","1136.0","5600"
"org.openrewrite.java.testing.junit5.ThrowingRunnableToExecutable","7","4","0","0.0","0","43000","14832.0","20700"
"org.openrewrite.java.migrate.jakarta.UpdateGetRealPath","7","4","0","0.0","0","295000","221180.0","215800"
"org.openrewrite.java.migrate.jakarta.WsWsocServerContainerDeprecation","7","4","6400","0.0","3900","11400","3680.0","3600"
"org.openrewrite.java.migrate.net.MigrateMulticastSocketGetTTLToGetTimeToLive","7","4","9000","0.0","6200","20000","3680.0","10700"
"org.openrewrite.java.testing.junit5.MigrateAssumptions","7","4","0","0.0","0","35300","1648.0","30900"
"org.openrewrite.java.migrate.javax.HttpSessionInvalidate","7","4","0","0.0","0","228600","196600.0","191400"
"org.openrewrite.java.migrate.sql.MigrateDriverManagerSetLogStream","7","4","0","0.0","0","10700","3580.0","4800"
"org.openrewrite.java.migrate.jakarta.JavaxTransactionMigrationToJakartaTransaction","7","4","16100","0.0","9500","10800","1392.0","5100"
"org.openrewrite.java.migrate.lombok.LombokValToFinalVar","7","4","0","0.0","0","216900","155632.0","153700"
"org.openrewrite.java.migrate.AddStaticVariableOnProducerSessionBean","7","4","5982400","0.0","5856100","193900","36736.0","127000"
"org.openrewrite.apache.httpclient5.NewRequestLine","7","4","0","0.0","0","13800","2044.0","2000"
"org.openrewrite.java.spring.framework.MigrateMethodArgumentNotValidExceptionErrorMethod","7","4","0","0.0","0","46900","40956.0","40900"
"org.openrewrite.java.ReplaceStringLiteralValue","7","4","0","0.0","0","495800","409596.0","407200"
"org.openrewrite.java.spring.boot2.MigrateWebTestClientBuilderCustomizerPackageName","7","4","23100","0.0","10800","9700","2800.0","3100"
"org.openrewrite.java.migrate.jakarta.JavaxWebFragmentXmlToJakartaWebFragmentXml","7","4","8100","0.0","1500","18500","2288.0","6300"
"org.openrewrite.java.spring.boot3.MigrateMaxHttpHeaderSize","7","4","4000","0.0","2300","12800","3952.0","3900"
"org.openrewrite.maven.RemoveDuplicateDependencies","7","4","0","0.0","0","3098600","920.0","2503000"
"org.openrewrite.java.migrate.jakarta.JavaxJmsToJakartaJms","7","4","9200","0.0","4700","25900","4592.0","14600"
"org.openrewrite.java.spring.boot3.RelocateLauncherClasses","7","4","13300","0.0","4600","6000","2288.0","2300"
"org.openrewrite.java.migrate.logging.MigrateGetLoggingMXBeanToGetPlatformMXBean","7","4","0","0.0","0","154100","86008.0","84500"
"org.openrewrite.java.spring.cloud2022.MigrateRequestMappingOnFeignClient","7","4","0","0.0","0","18500","6128.0","5900"
"org.openrewrite.java.migrate.jakarta.RemoveJakartaAnnotationDependencyWhenManagedBySpringBoot","7","4","11104400","0.0","10066400","9800","1632.0","3200"
"org.openrewrite.java.ChangeMethodInvocationReturnType","7","4","0","0.0","0","2256600","344060.0","328500"
"org.openrewrite.java.migrate.javax.MigrateSimpleAnnotationValueVisitor6To9","7","4","10100","0.0","7000","11200","2160.0","5100"
"org.openrewrite.java.migrate.jakarta.JavaxWsToJakartaWs","7","4","11700","0.0","5800","16700","2928.0","7300"
"org.openrewrite.maven.AddAnnotationProcessor","7","4","0","0.0","0","1900","204.0","1200"
"org.openrewrite.java.spring.test.SpringRulesToJUnitExtension","7","4","0","0.0","0","53800","38908.0","37400"
"org.openrewrite.java.migrate.jakarta.JavaxEnterpriseToJakartaEnterprise","7","4","5000","0.0","2800","8000","1648.0","2200"
"org.openrewrite.java.spring.SeparateApplicationYamlByProfile","7","4","213300","0.0","114000","214600","90048.0","107500"
"org.openrewrite.java.spring.cloud2024.UpgradeSpringCloud_2024","7","4","12600","0.0","4200","14300","4576.0","4600"
"org.openrewrite.java.spring.security5.UpdateSCryptPasswordEncoder","7","4","0","0.0","0","17900","13304.0","13200"
"org.openrewrite.java.spring.security5.ReplaceGlobalMethodSecurityWithMethodSecurityXml","7","4","6800","0.0","2600","37300","20464.0","20300"
"org.openrewrite.java.spring.security6.oauth2.server.resource.OAuth2ResourceServerLambdaDsl","7","4","0","0.0","0","17700","8696.0","8200"
"org.openrewrite.java.spring.boot2.ReplaceExtendWithAndContextConfiguration","7","4","0","0.0","0","23300","9208.0","9200"
"org.openrewrite.java.migrate.javaee7.OpenJPAPersistenceProvider","7","4","7700","0.0","5200","16600","3312.0","7700"
"org.openrewrite.java.spring.boot3.AddValidToNestedConfigProperties","7","4","0","0.0","0","66700","31728.0","31700"
"org.openrewrite.java.spring.boot2.RemoveObsoleteSpringRunners","7","4","9300","0.0","5800","24100","7904.0","10700"
"org.openrewrite.java.spring.framework.HttpComponentsClientHttpRequestFactoryReadTimeout","7","4","0","0.0","0","12500","2044.0","2000"
"org.openrewrite.java.migrate.javax.AddJaxwsRuntime$AddJaxwsRuntimeMaven","7","4","0","0.0","0","351600","604.0","350200"
"org.openrewrite.xml.ChangeTagName","7","4","0","0.0","0","351600","1532.0","246400"
"org.openrewrite.java.migrate.javax.MigrateTypeKindVisitor6To9","7","4","6500","0.0","3300","13000","1904.0","5500"
"org.openrewrite.maven.RemoveExclusion","7","4","0","0.0","0","1059800","204.0","672500"
"org.openrewrite.java.migrate.jakarta.JavaxBatchMigrationToJakartaBatch","7","4","17800","0.0","6300","19100","1328.0","13500"
"org.openrewrite.java.migrate.UpgradeBuildToJava17","7","4","10400","0.0","5600","31900","6592.0","11800"
"org.openrewrite.java.migrate.jakarta.JakartaFacesConfigXml4","7","4","9400","0.0","6400","12900","3264.0","3300"
"org.openrewrite.java.ReplaceConstantWithAnotherConstant","7","4","0","0.0","0","523800","16380.0","64800"
"org.openrewrite.java.migrate.UpgradeBuildToJava11","7","4","9400","0.0","7100","9900","1840.0","3000"
"org.openrewrite.java.spring.boot2.UnnecessarySpringRunWith","7","4","17400","0.0","8900","65000","49136.0","47900"
"org.openrewrite.java.migrate.JREWrapperInterface","7","4","9000","0.0","3400","18000","3424.0","5900"
"org.openrewrite.java.testing.mockito.Mockito4to5Only","7","4","14800","0.0","7500","13600","4320.0","4300"
"org.openrewrite.java.testing.junit5.UseTestMethodOrder","7","4","0","0.0","0","25500","14832.0","14500"
"org.openrewrite.java.migrate.util.OptionalStreamRecipe","7","4","0","0.0","0","13900","5628.0","5600"
"org.openrewrite.java.spring.boot2.MigrateErrorControllerPackageName","7","4","6400","0.0","3700","120600","4080.0","112800"
"org.openrewrite.java.migrate.jakarta.JettyUpgradeEE9","7","4","7800","0.0","4700","29400","4576.0","11900"
"org.openrewrite.java.SimplifyMethodChain","7","4","0","0.0","0","215500","59388.0","57400"
"org.openrewrite.java.spring.cloud2022.AddLoggingPatternLevelForSleuth","7","4","2195300","0.0","2030400","165100","6912.0","131700"
"org.openrewrite.java.spring.framework.MigrateInstantiationAwareBeanPostProcessorAdapter","7","4","0","0.0","0","65200","19452.0","18900"
"org.openrewrite.openapi.swagger.MigrateSwaggerDefinitionToOpenAPIDefinition","7","4","0","0.0","0","14600","2800.0","5800"
"org.openrewrite.java.migrate.jakarta.JavaxPersistenceXmlToJakartaPersistenceXml","7","4","55800","0.0","8300","39400","2808.0","4400"
"org.openrewrite.java.spring.doc.MigrateDocketBeanToGroupedOpenApiBean","7","4","5024600","0.0","4076200","78600","6272.0","51900"
"org.openrewrite.java.migrate.RemovedModifierAndConstantBootstrapsConstructors","7","4","9200","0.0","6100","12300","5872.0","5800"
"org.openrewrite.apache.httpclient5.UpgradeApacheHttpCore_5_NioClassMapping","7","4","21300","0.0","5200","20500","1648.0","1600"
"org.openrewrite.java.DeleteMethodArgument","7","4","0","0.0","0","275100","12284.0","20500"
"org.openrewrite.java.migrate.jakarta.UpdateEclipseLinkDependencies","7","4","8000","0.0","3100","17300","12272.0","11800"
"org.openrewrite.java.migrate.jakarta.UpdateYassonDependencies","7","4","4000","0.0","1400","14400","7408.0","7300"
"org.openrewrite.apache.httpclient5.OutputBufferWriteAddOffsetAndLengthArguments","7","4","0","0.0","0","25500","5372.0","5200"
"org.openrewrite.java.migrate.jakarta.RemovalsServletJakarta10","7","4","10600","0.0","6400","9300","2272.0","2300"
"org.openrewrite.apache.httpclient5.RemoveByteBufferAllocators","7","4","0","0.0","0","34900","4604.0","4500"
"org.openrewrite.java.testing.mockito.ReplaceInitMockToOpenMock","7","4","0","0.0","0","66600","26620.0","25900"
"org.openrewrite.java.flyway.AddFlywayModuleOracle","7","4","10800","0.0","5100","6700","924.0","4000"
"org.openrewrite.java.migrate.MXBeanRule","7","4","0","0.0","0","413000","327664.0","317700"
"org.openrewrite.java.migrate.concurrent.MigrateAtomicLongArrayWeakCompareAndSetToWeakCompareAndSetPlain","7","4","6200","0.0","4400","12800","2168.0","7200"
"org.openrewrite.java.testing.junit5.RunnerToExtension","7","4","0","0.0","0","70900","20472.0","19900"
"org.openrewrite.java.RemoveMethodInvocations","7","4","0","0.0","0","334100","15356.0","19300"
"org.openrewrite.java.migrate.jakarta.FileuploadToFileUpload2","7","4","5100","0.0","2600","8200","1520.0","2500"
"org.openrewrite.java.spring.cloud2025.SpringCloudGatewayProxyWebfluxProperties","7","4","1572800","0.0","1418700","6300","1520.0","1500"
"org.openrewrite.java.testing.junit5.UseWiremockExtension","7","4","0","0.0","0","107900","69616.0","67300"
"org.openrewrite.maven.UpgradeParentVersion","7","4","0","0.0","0","62299815500","2.4696061948E10","36547534800"
"org.openrewrite.java.spring.boot2.MigrateRestClientBuilderCustomizerPackageName","7","4","22200","0.0","10300","13800","1392.0","8100"
"org.openrewrite.java.migrate.util.OptionalNotEmptyToIsPresent","7","4","0","0.0","0","142200","53232.0","52600"
"org.openrewrite.java.spring.framework.EnvironmentAcceptsProfiles","7","4","0","0.0","0","131000","18428.0","17900"
"org.openrewrite.java.migrate.DeprecatedCountStackFramesMethod","7","4","8400","0.0","5400","30800","13808.0","13400"
"org.openrewrite.java.spring.data.UpgradeSpringData_2_7","7","4","21600","0.0","11700","15900","2544.0","9600"
"org.openrewrite.java.spring.framework.MigrateHandlerInterceptor","7","4","0","0.0","0","54900","9208.0","8900"
"org.openrewrite.java.spring.data.UpgradeSpringData_2_3","7","4","7600","0.0","4000","10100","1328.0","5700"
"org.openrewrite.java.migrate.jakarta.Faces3xMigrationToFaces4x","7","4","6700","0.0","3400","17200","2496.0","3700"
"org.openrewrite.java.spring.data.UpgradeSpringData_2_5","7","4","16100","0.0","12200","12500","1392.0","6300"
"org.openrewrite.java.testing.junit5.JUnit4to5Migration","7","4","3329300","0.0","2988000","10500","912.0","6700"
"org.openrewrite.java.spring.boot3.RemoveConstructorBindingAnnotation","7","4","0","0.0","0","47200","28608.0","28300"
"org.openrewrite.gradle.AddDependency","7","4","325700","0.0","76100","80500","23424.0","29000"
"org.openrewrite.maven.RemoveProperty","7","4","0","0.0","0","220600","204.0","219900"
"org.openrewrite.java.migrate.util.ReplaceMathRandomWithThreadLocalRandomRecipe","7","4","0","0.0","0","17300","11768.0","11400"
"org.openrewrite.java.migrate.lombok.LombokOnXToOnX_","7","4","0","0.0","0","370500","360432.0","355500"
"org.openrewrite.java.spring.batch.MigrateMethodAnnotatedByBatchAPI","7","4","0","0.0","0","290900","155640.0","148900"
"org.openrewrite.staticanalysis.PrimitiveWrapperClassConstructorToValueOf","7","4","0","0.0","0","77600","57328.0","55800"
"org.openrewrite.java.spring.NoRequestMappingAnnotation","7","4","0","0.0","0","86000","17400.0","54200"
"org.openrewrite.java.spring.batch.MigrateStepBuilderFactory","7","4","0","0.0","0","5900","2300.0","2200"
"org.openrewrite.java.spring.framework.MigrateUriComponentsBuilderMethods","7","4","0","0.0","0","24000","17404.0","16700"
"org.openrewrite.java.migrate.jakarta.DeprecatedCDIAPIsRemoved40","7","4","9500","0.0","4400","21700","8160.0","8000"
"org.openrewrite.java.spring.boot3.ReplaceRestTemplateBuilderMethods","7","4","20500","0.0","9900","15200","5600.0","5600"
"org.openrewrite.java.spring.boot3.SpringBootProperties_3_0","7","4","5700","0.0","2000","27600","5312.0","9000"
"org.openrewrite.java.spring.boot3.SpringBootProperties_3_1","7","4","10900","0.0","5500","13700","2912.0","4300"
"org.openrewrite.java.spring.boot3.SpringBootProperties_3_2","7","4","11400","0.0","6100","13800","2288.0","6500"
"org.openrewrite.java.spring.boot3.SpringBootProperties_3_3","7","4","5400","0.0","2100","7500","2680.0","2600"
"org.openrewrite.java.spring.boot3.SpringBootProperties_3_4","7","4","8500","0.0","3600","5400","1392.0","1400"
"org.openrewrite.java.migrate.jakarta.JavaxSecurityToJakartaSecurity","7","4","28900","0.0","15700","10700","1208.0","5700"
"org.openrewrite.java.AddCommentToMethodInvocations","7","4","0","0.0","0","438200","31740.0","95000"
"org.openrewrite.java.migrate.ArrayStoreExceptionToTypeNotPresentException","7","4","0","0.0","0","24900","13308.0","12900"
"org.openrewrite.java.migrate.jakarta.JavaxJwsToJakartaJws","7","4","8100","0.0","3400","13600","1712.0","6700"
"org.openrewrite.java.spring.boot3.SpringBootProperties_3_5","7","4","12000","0.0","4300","7100","1840.0","1800"
"org.openrewrite.java.migrate.jakarta.JavaxElToJakartaEl","7","4","5600","0.0","3300","8900","1904.0","2700"
"org.openrewrite.java.dependencies.UpgradeDependencyVersion","7","4","2058961500","0.0","1827741400","180179900","102272.0","18014600"
"org.openrewrite.java.testing.mockito.Mockito1to3Migration","7","4","16100","0.0","5100","18100","1520.0","8800"
"org.openrewrite.java.migrate.jakarta.JakartaFacesEcmaScript","7","4","59900","0.0","54100","25600","2928.0","6800"
"org.openrewrite.java.migrate.javax.AddInjectDependencies","7","4","13600","0.0","11100","28200","8672.0","11900"
"org.openrewrite.java.migrate.logging.MigrateLoggerGlobalToGetGlobal","7","4","0","0.0","0","55200","32752.0","31900"
"org.openrewrite.java.spring.framework.MigrateResponseStatusExceptionGetRawStatusCodeMethod","7","4","0","0.0","0","609500","196604.0","189100"
"org.openrewrite.java.spring.boot3.MigrateHooksToReactorContextProperty","7","4","984800","0.0","343000","53200","8576.0","30400"
"org.openrewrite.java.spring.boot2.MigrateRestTemplateBuilderBasicAuthorization","7","4","15500","0.0","6900","10800","1016.0","7200"
"org.openrewrite.java.testing.byteman.BytemanJUnit4ToBytemanJUnit5","7","4","0","0.0","0","39700","3168.0","28500"
"org.openrewrite.java.testing.junit5.UpgradeOkHttpMockWebServer","7","4","0","0.0","0","35500","3184.0","27500"
"org.openrewrite.java.AddCommentToImport","7","4","0","0.0","0","1775200","851964.0","823800"
"org.openrewrite.java.spring.batch.SpringBatch4To5Migration","7","4","5400","0.0","3000","25800","5600.0","5400"
"org.openrewrite.java.testing.junit5.UpdateBeforeAfterAnnotations","7","4","0","0.0","0","41700","8696.0","21100"
"org.openrewrite.java.spring.boot3.UpgradeSpringBoot_3_1","7","4","15500","0.0","10500","9500","1144.0","5800"
"org.openrewrite.java.spring.boot3.UpgradeSpringBoot_3_0","7","4","6300","0.0","4000","8300","1008.0","4400"
"org.openrewrite.java.migrate.javax.JavaxLangModelUtil","7","4","8900","0.0","5500","22700","7152.0","10400"
"org.openrewrite.java.spring.boot3.UpgradeSpringBoot_3_3","7","4","13500","0.0","8500","10100","1720.0","5500"
"org.openrewrite.java.spring.boot3.UpgradeSpringBoot_3_2","7","4","11600","0.0","10000","9500","1200.0","4500"
"org.openrewrite.java.testing.testcontainers.Testcontainers2Dependencies","7","4","34000","0.0","29000","32100","5600.0","15900"
"org.openrewrite.java.spring.boot3.UpgradeSpringBoot_3_5","7","4","101300","0.0","92400","139000","4320.0","127400"
"org.openrewrite.java.spring.boot3.UpgradeSpringBoot_3_4","7","4","17400","0.0","9600","13500","2928.0","5500"
"org.openrewrite.java.migrate.jakarta.JavaxFacesTagLibraryXmlToJakartaFacesTagLibraryXml","7","4","9300","0.0","2500","36400","11248.0","11000"
"org.openrewrite.java.ReorderMethodArguments","7","4","0","0.0","0","448000","94204.0","93100"
"org.openrewrite.maven.AddDependency","7","4","157900","0.0","108400","54300","18304.0","18400"
"org.openrewrite.java.spring.boot2.ServerHttpSecurityLambdaDsl","7","4","0","0.0","0","1769500","1769464.0","1765100"
"org.openrewrite.apache.httpclient5.UpgradeApacheHttpCore_5_NioOutputBuffers","7","4","66800","0.0","46200","45200","8688.0","8500"
"org.openrewrite.java.testing.junit5.MockitoJUnitToMockitoExtension","7","4","0","0.0","0","27100","4856.0","4700"
"org.openrewrite.java.springdoc.SpringFoxToSpringDoc","7","4","12100","0.0","6300","11200","1520.0","6000"
"org.openrewrite.java.migrate.lang.JavaLangAPIs","7","4","11100","0.0","6500","16400","4592.0","7900"
"org.openrewrite.xml.ChangeTagValue","7","4","0","0.0","0","613600","604.0","150500"
"org.openrewrite.java.migrate.Jre17AgentMainPreMainPublic","7","4","12600","0.0","9700","15100","5104.0","6200"
"org.openrewrite.java.spring.data.JdbcTemplateQueryForLongMigration","7","4","0","0.0","0","16400","4604.0","4500"
"org.openrewrite.java.spring.data.MigrateAuditorAwareToOptional","7","4","0","0.0","0","32900","19448.0","19400"
"org.openrewrite.java.migrate.net.MigrateURLDecoderDecode","7","4","0","0.0","0","164400","73720.0","70300"
"org.openrewrite.java.migrate.util.OptionalNotPresentToIsEmpty","7","4","0","0.0","0","311000","204792.0","201400"
"org.openrewrite.java.spring.boot2.SpringBootMavenPluginMigrateAgentToAgents","7","4","0","0.0","0","3513200","508.0","3511300"
"org.openrewrite.xml.AddOrUpdateChildTag","7","4","0","0.0","0","146700","1328.0","142800"
"org.openrewrite.java.migrate.javax.AddJaxbDependenciesWithRuntime","7","4","7400","0.0","4200","33400","3936.0","21500"
"org.openrewrite.java.migrate.sql.JavaSqlAPIs","7","4","8500","0.0","5800","14900","1328.0","9600"
"org.openrewrite.java.spring.security5.UpgradeSpringSecurity_5_8","7","4","2400","0.0","800","6800","2800.0","2800"
"org.openrewrite.java.migrate.jakarta.JavaxInterceptorToJakartaInterceptor","7","4","9500","0.0","3500","13100","2288.0","4000"
"org.openrewrite.java.springdoc.ReplaceSpringFoxDependencies","7","4","20300","0.0","7900","53000","4832.0","43300"
"org.openrewrite.apache.httpclient5.UpgradeApacheHttpClientDependencies","7","4","28900","0.0","4100","46800","20464.0","19600"
"org.openrewrite.text.FindAndReplace","7","4","0","0.0","0","13851000","229372.0","7016100"
"org.openrewrite.java.migrate.javax.MigrateElementScanner6To9","7","4","8300","0.0","5500","13100","2800.0","5900"
"org.openrewrite.openapi.swagger.ConvertApiResponseCodesToStrings","7","4","0","0.0","0","19700","6136.0","5900"
"org.openrewrite.RenameFile","7","4","0","0.0","0","63230800","2.725888E7","26414600"
"org.openrewrite.java.spring.security5.UpgradeSpringSecurity_5_7","7","4","11000","0.0","4600","17300","2416.0","3300"
"org.openrewrite.java.spring.security6.UpdateRequestCache","7","4","0","0.0","0","20000","10236.0","9800"
"org.openrewrite.java.flyway.MigrateToFlyway10","7","4","5100","0.0","1500","10600","1336.0","6600"
"org.openrewrite.java.springdoc.SecurityContextToSecurityScheme","7","4","0","0.0","0","2060700","1966048.0","1959000"
"org.openrewrite.java.migrate.util.UseEnumSetOf","7","4","0","0.0","0","301000","147440.0","146300"
"org.openrewrite.java.migrate.javax.MigrateJaxBWSPlugin","7","4","21800","0.0","15100","56600","6896.0","45800"
"org.openrewrite.java.migrate.jakarta.UpdateJakartaPlatform10","7","4","12600","0.0","9900","19200","5088.0","5100"
"org.openrewrite.java.migrate.lang.MigrateCharacterIsJavaLetterOrDigitToIsJavaIdentifierPart","7","4","8000","0.0","6000","19400","6640.0","9100"
"org.openrewrite.java.spring.framework.MigrateResponseStatusException","7","4","12500","0.0","2800","39500","4336.0","4100"
"org.openrewrite.java.spring.security6.ApplyToWithLambdaDsl","7","4","0","0.0","0","263600","245744.0","244000"
"org.openrewrite.java.spring.boot3.SpringBootProperties_3_4_EnabledToAccess","7","4","5100","0.0","2400","5000","1520.0","1500"
"org.openrewrite.java.testing.junit5.UseMockitoExtension","7","4","12100","0.0","4900","27500","4320.0","15100"
"org.openrewrite.java.migrate.UpgradeToJava6","7","4","10300","0.0","7700","14500","5104.0","5900"
"org.openrewrite.java.migrate.UpgradeToJava7","7","4","8000","0.0","5400","11500","2288.0","5500"
"org.openrewrite.java.spring.security5.UpdatePbkdf2PasswordEncoder","7","4","0","0.0","0","16600","10736.0","10300"
"org.openrewrite.java.migrate.UpgradeToJava8","7","4","10200","0.0","6500","15800","2016.0","9600"
"org.openrewrite.java.testing.mockito.ReplacePowerMockito","7","4","44600","0.0","16500","33600","3680.0","10500"
"org.openrewrite.maven.ChangeManagedDependencyGroupIdAndArtifactId","7","4","0","0.0","0","675400","300.0","143700"
"org.openrewrite.config.DeclarativeRecipe$PreconditionBellwether","7","4","0","0.0","0","23304200","1179632.0","3559600"
"org.openrewrite.java.spring.security5.WebSecurityConfigurerAdapter","7","4","0","0.0","0","7204624900","7.247757296E9","7204594300"
"org.openrewrite.java.migrate.jakarta.FacesManagedBeansRemoved","7","4","7500","0.0","3900","8000","3312.0","3300"
"org.openrewrite.java.migrate.jakarta.RemovedStateManagerMethods","7","4","9500","0.0","2000","17500","3312.0","3800"
"org.openrewrite.java.migrate.ReplaceComSunAWTUtilitiesMethods","7","4","0","0.0","0","651600","491516.0","484700"
"org.openrewrite.java.migrate.jakarta.ServletCookieBehaviorChangeRFC6265","7","4","8700","0.0","6000","10400","3168.0","3100"
"org.openrewrite.apache.httpclient5.AddTimeUnitArgument","7","4","0","0.0","0","3538300","172028.0","175700"
"org.openrewrite.java.spring.boot2.ReplaceDeprecatedEnvironmentTestUtils","7","4","0","0.0","0","16900","5104.0","5900"
"org.openrewrite.java.testing.junit5.TimeoutRuleToClassAnnotation","7","4","0","0.0","0","10500","3832.0","3800"
"org.openrewrite.java.migrate.UpdateSdkMan","7","4","0","0.0","0","2030000","105984.0","567200"
"org.openrewrite.hibernate.MigrateBooleanMappings","7","4","0","0.0","0","241100","81912.0","78000"
"org.openrewrite.java.migrate.net.MigrateURLEncoderEncode","7","4","0","0.0","0","177100","139260.0","135400"
"org.openrewrite.java.migrate.concurrent.MigrateAtomicReferenceWeakCompareAndSetToWeakCompareAndSetPlain","7","4","9700","0.0","7800","15500","3296.0","8000"
"org.openrewrite.java.migrate.jakarta.UpdateFileupload2Dependencies","7","4","5700","0.0","2000","33200","29680.0","29000"
"org.openrewrite.java.spring.boot2.SpringBoot2JUnit4to5Migration","7","4","12700","0.0","5000","12300","1392.0","7300"
"org.openrewrite.java.migrate.lang.StringFormatted","7","4","0","0.0","0","89900","45052.0","43300"
"org.openrewrite.java.spring.kafka.KafkaOperationsSendReturnType","7","4","0","0.0","0","27400","19448.0","18900"
"org.openrewrite.java.testing.junit5.GradleUseJunitJupiter","7","4","0","0.0","0","5700","912.0","2500"
"org.openrewrite.java.migrate.jakarta.UpdateBeanManagerMethods","7","4","0","0.0","0","270900","204792.0","202900"
"org.openrewrite.java.migrate.jakarta.JavaxToJakartaCdiExtensions","7","4","3300","0.0","900","12200","5104.0","5100"
"org.openrewrite.hibernate.ReplaceLazyCollectionAnnotation","7","4","0","0.0","0","114700","24568.0","23600"
"org.openrewrite.java.migrate.jakarta.JavaxXmlBindMigrationToJakartaXmlBind","7","4","17000","0.0","5200","10900","2272.0","2800"
"org.openrewrite.java.migrate.BeansXmlNamespace","7","4","0","0.0","0","42300","412.0","40900"
"org.openrewrite.java.migrate.jakarta.JakartaFacesXhtmlEE9","7","4","14300","0.0","4700","37100","12784.0","12600"
"org.openrewrite.hibernate.TypeDescriptorToType","7","4","54100","0.0","10400","62600","8696.0","8600"
"org.openrewrite.java.migrate.jakarta.JavaxEjbToJakartaEjb","7","4","13000","0.0","5600","11600","1336.0","7400"
"org.openrewrite.openapi.swagger.MigrateApiToTag","7","4","0","0.0","0","15500","4080.0","4700"
"org.openrewrite.java.testing.testcontainers.GetHostMigration","7","4","0","0.0","0","59300","204.0","58800"
"org.openrewrite.java.migrate.ChangeDefaultKeyStore","7","4","0","0.0","0","303800","188408.0","181200"
"org.openrewrite.java.spring.cloud2025.SpringCloudGatewayProxyWebMvcProperties","7","4","925500","0.0","424900","4400","1400.0","1400"
"org.openrewrite.java.migrate.RemovedFileIOFinalizeMethods","7","4","12300","0.0","9900","22100","1520.0","17300"
"org.openrewrite.java.spring.boot2.MigrateLoggingSystemPropertyConstants","7","4","0","0.0","0","20900","8696.0","8500"
"org.openrewrite.java.testing.junit5.RemoveObsoleteRunners","7","4","0","0.0","0","55700","20476.0","19900"
"org.openrewrite.java.spring.boot3.UpgradeMyBatisToSpringBoot_3_0","7","4","9600","0.0","1700","14200","2424.0","2400"
"org.openrewrite.java.spring.boot3.UpgradeMyBatisToSpringBoot_3_2","7","4","6800","0.0","3300","10400","1888.0","4400"
"org.openrewrite.java.migrate.jakarta.JavaxValidationMigrationToJakartaValidation","7","4","12000","0.0","6400","9700","1400.0","4300"
"org.openrewrite.java.spring.boot3.RemoveSolrAutoConfigurationExclude","7","4","0","0.0","0","1109600","1114080.0","1053200"
"org.openrewrite.java.migrate.logging.MigrateLoggerLogrbToUseResourceBundle","7","4","0","0.0","0","19500","11256.0","11000"
"org.openrewrite.java.migrate.jakarta.Faces2xMigrationToJakartaFaces3x","7","4","20800","0.0","14600","12400","1328.0","1300"
"org.openrewrite.java.testing.junit5.EnclosedToNested","7","4","0","0.0","0","13000","5112.0","5100"
"org.openrewrite.java.spring.framework.MigrateResourceHttpMessageWriterAddHeadersMethod","7","4","0","0.0","0","7500","3196.0","3100"
"org.openrewrite.maven.UpgradeDependencyVersion","7","4","432300","0.0","360600","824100","655232.0","637600"
"org.openrewrite.java.spring.cloud2022.DependencyUpgrades","7","4","2600","0.0","900","5700","1648.0","1600"
"org.openrewrite.java.spring.boot2.MigrateErrorPropertiesIncludeStackTraceConstants","7","4","0","0.0","0","19100","6652.0","6500"
"org.openrewrite.java.spring.batch.ListenerSupportClassToInterface","7","4","4900","0.0","1700","16700","2272.0","8400"
"org.openrewrite.java.spring.boot3.RemoveEnableBatchProcessing","7","4","0","0.0","0","398700","393200.0","382100"
"org.openrewrite.java.spring.boot2.MigrateHttpMessageConvertersPackageName","7","4","4300","0.0","1400","16300","2032.0","9800"
"org.openrewrite.java.RemoveAnnotationAttribute","7","4","0","0.0","0","84700","3952.0","3900"
"org.openrewrite.java.migrate.CastArraysAsListToList","7","4","0","0.0","0","14800","6396.0","6200"
"org.openrewrite.java.spring.boot2.MigrateHsqlEmbeddedDatabaseConnection","7","4","0","0.0","0","12300","6136.0","6100"
"org.openrewrite.hibernate.AddScalarPreferStandardBasicTypes","7","4","0","0.0","0","84300","18428.0","17800"
"org.openrewrite.java.spring.boot2.MigrateMultipartConfigFactory","7","4","0","0.0","0","38700","15864.0","15500"
"org.openrewrite.java.spring.boot2.RestTemplateBuilderRequestFactory","7","4","0","0.0","0","34200","22512.0","22100"
"org.openrewrite.apache.httpclient4.MappingDeprecatedClasses","7","4","20100","0.0","5700","18200","1328.0","2100"
"org.openrewrite.java.spring.security5.UseNewRequestMatchers","7","4","0","0.0","0","4088094600","4.16074956E9","4088086100"
"org.openrewrite.java.migrate.jakarta.JavaxResourceToJakartaResource","7","4","7500","0.0","4500","12700","4848.0","4800"
"org.openrewrite.apache.httpclient5.InputBufferReadAddOffsetAndLengthArguments","7","4","0","0.0","0","29400","5116.0","4900"
"org.openrewrite.java.migrate.javax.JavaxXmlStreamAPIs","7","4","7900","0.0","2500","11600","2672.0","3800"
"org.openrewrite.java.migrate.RemovedToolProviderConstructor","7","4","7200","0.0","2400","13700","2544.0","5900"
"org.openrewrite.java.migrate.RemovedRuntimeTraceMethods","7","4","6700","0.0","2800","32300","7904.0","9000"
"org.openrewrite.java.migrate.lang.MigrateRuntimeVersionMinorToInterim","7","4","15300","0.0","11400","14500","3312.0","6000"
"org.openrewrite.java.spring.CommentOutSpringPropertyKey","7","4","0","0.0","0","7214200","32764.0","494200"
"org.openrewrite.java.migrate.jakarta.JakartaEE10","7","4","14500","0.0","7200","14900","5344.0","5600"
"org.openrewrite.java.migrate.DeprecatedLogRecordThreadID","7","4","9100","0.0","5700","18400","3184.0","10700"
"org.openrewrite.java.migrate.jakarta.JakartaFacesXhtmlEE10","7","4","12800","0.0","10100","7200","1376.0","1400"
"org.openrewrite.java.migrate.jakarta.JavaxBeansXmlToJakartaBeansXml","7","4","12700","0.0","3200","21400","6592.0","6500"
"org.openrewrite.apache.httpclient5.CredentialsStoreClear","7","4","29100","0.0","7000","37300","7152.0","7000"
"org.openrewrite.java.migrate.jakarta.JakartaWebFragmentXml6","7","4","11900","0.0","9500","6500","1712.0","1700"
"org.openrewrite.apache.httpclient5.UpgradeApacheHttpClient_5_ClassMapping","7","4","41200","0.0","23100","29900","2552.0","7200"
"org.openrewrite.java.migrate.net.JavaNetAPIs","7","4","14300","0.0","8200","26600","5568.0","8300"
"org.openrewrite.java.migrate.javax.AddJaxwsRuntime","7","4","0","0.0","0","3400","300.0","2200"
"org.openrewrite.java.migrate.AddLombokMapstructBinding","7","4","28100","0.0","15100","19100","5112.0","8500"
"org.openrewrite.openapi.swagger.MigrateApiParamDefaultValue","7","4","0","0.0","0","17600","5368.0","5300"
"org.openrewrite.java.spring.boot2.MigrateHibernateConstraintsToJavax","7","4","7900","0.0","3200","12700","1328.0","8100"
"org.openrewrite.java.springdoc.UpgradeSpringDoc_2_5","7","4","14900","0.0","2800","21100","5112.0","5000"
"org.openrewrite.java.springdoc.UpgradeSpringDoc_2_6","7","4","8300","0.0","1200","10200","1660.0","2100"
"org.openrewrite.java.testing.mockito.Mockito1to4Migration","7","4","34700","0.0","13400","25400","2812.0","15400"
"org.openrewrite.java.springdoc.UpgradeSpringDoc_2_2","7","4","42400","0.0","7500","32600","3320.0","6700"
"org.openrewrite.java.spring.boot2.MaybeAddJavaxValidationApi","7","4","35400","0.0","27300","14600","1712.0","8300"
"org.openrewrite.java.spring.framework.BeanMethodReturnNull","7","4","0","0.0","0","4123100","4194288.0","4105500"
"org.openrewrite.java.testing.junit5.AddMissingNested","7","4","0","0.0","0","34000","18428.0","17700"
"org.openrewrite.java.migrate.javaee8.ServletIsRequestedSessionIdFromURL","7","4","9500","0.0","6900","16800","7920.0","7800"
"org.openrewrite.staticanalysis.BigDecimalRoundingConstantsToEnums","7","4","0","0.0","0","108200","94176.0","92800"
"org.openrewrite.java.migrate.jakarta.UpdateAddAnnotatedTypes","7","4","0","0.0","0","258400","196604.0","194400"
"org.openrewrite.java.ReplaceAnnotation","7","4","0","0.0","0","512700","344056.0","335600"
"org.openrewrite.java.spring.cloud2025.SpringCloudGatewayProperties","7","4","6500","0.0","3900","4700","1392.0","1400"
"org.openrewrite.java.springdoc.UpgradeSpringDoc_2_8","7","4","7600","0.0","4500","10300","3568.0","3500"
"org.openrewrite.java.ChangePackage","7","4","0","0.0","0","23927400","110576.0","2456700"
"org.openrewrite.staticanalysis.InstanceOfPatternMatch","7","4","0","0.0","0","809200","360440.0","346100"
"org.openrewrite.java.migrate.jakarta.JakartaFacesTagLibraryXml4","7","4","5200","0.0","2800","6900","1392.0","1400"
"org.openrewrite.java.spring.boot2.MigrateToWebServerFactoryCustomizer","7","4","17900","0.0","4800","21200","3324.0","13300"
"org.openrewrite.java.spring.boot2.SamlRelyingPartyPropertyApplicationPropertiesMove","7","4","0","0.0","0","48400","47096.0","45100"
"org.openrewrite.apache.commons.lang.UpgradeApacheCommonsLang_2_3","7","4","11700","0.0","3400","23600","7152.0","10500"
"org.openrewrite.java.migrate.RemovedPolicy","7","4","6200","0.0","3200","21000","3424.0","10100"
"org.openrewrite.java.spring.cloud2022.UpgradeSpringCloud_2022","7","4","4600","0.0","2400","16200","2800.0","6200"
"org.openrewrite.java.migrate.UseJavaUtilBase64","7","4","0","0.0","0","48100","28664.0","28600"
"org.openrewrite.java.migrate.javax.MigrateAbstractElementVisitor6To9","7","4","11500","0.0","8600","19900","6384.0","7200"
"org.openrewrite.java.spring.cloud2023.DependencyUpgrades","7","4","8100","0.0","4400","11400","7408.0","7400"
"org.openrewrite.java.testing.junit5.UpdateTestAnnotation","7","4","0","0.0","0","433800","221180.0","213000"
"org.openrewrite.java.dependencies.AddDependency","7","4","163710100","0.0","96128000","7304900","94080.0","688400"
"org.openrewrite.java.testing.junit5.MigrateJUnitTestCase","7","4","0","0.0","0","20800","7420.0","7400"
"org.openrewrite.java.spring.ChangeSpringPropertyKey","7","4","0","0.0","0","50023200","94204.0","3105000"
"org.openrewrite.maven.AddPlugin","7","4","0","0.0","0","2300","300.0","1100"
"org.openrewrite.java.spring.framework.UpgradeSpringFramework_6_0","7","4","17700","0.0","3600","42800","5104.0","4900"
"org.openrewrite.java.spring.framework.UpgradeSpringFramework_6_1","7","4","11900","0.0","3300","27800","3836.0","7100"
"org.openrewrite.java.spring.framework.UpgradeSpringFramework_6_2","7","4","9200","0.0","2300","12000","1404.0","7800"
"org.openrewrite.java.spring.boot2.MigrateUndertowServletWebServerFactorySetEagerInitFilters","7","4","10600","0.0","7600","12800","1520.0","6700"
"org.openrewrite.java.migrate.DeprecatedJavaxSecurityCert","7","4","8900","0.0","6000","19600","5104.0","8700"
"org.openrewrite.java.testing.junit5.AddHamcrestJUnitDependency","7","4","541000","0.0","210000","43000","6784.0","16700"
"org.openrewrite.jenkins.UpgradeJavaVersion","7","4","540600","0.0","373300","858100","38784.0","458100"
"org.openrewrite.java.springdoc.MigrateSpringdocCommon","7","4","11000","0.0","5500","19800","6112.0","5900"
"org.openrewrite.java.spring.data.MigrateQueryToNativeQuery","7","4","0","0.0","0","23000","11256.0","11100"
"org.openrewrite.java.flyway.AddFlywayModulePostgreSQL","7","4","8400","0.0","1900","8500","1648.0","4300"
"org.openrewrite.apache.httpclient5.UpgradeApacheHttpCore_5_NioUtilMapping","7","4","14700","0.0","3900","17900","2800.0","2700"
"org.openrewrite.java.migrate.jakarta.UpdateAnnotationAttributeJavaxToJakarta","7","4","0","0.0","0","935600","327676.0","313000"
"org.openrewrite.java.testing.hamcrest.AddHamcrestIfUsed","7","4","15600","0.0","8300","20200","3168.0","9100"
"org.openrewrite.micrometer.UpgradeMicrometer_1_13","7","4","10500","0.0","6700","9600","1648.0","4500"
"org.openrewrite.java.migrate.lang.MigrateClassLoaderDefineClass","7","4","0","0.0","0","699800","458744.0","445200"
"org.openrewrite.java.spring.boot3.ReplaceRestTemplateBuilderRequestFactoryMethod","7","4","0","0.0","0","4700","1724.0","1700"
"org.openrewrite.java.migrate.jakarta.JavaxEEApiToJakarta","7","4","3700","0.0","1600","8700","2016.0","2000"
"org.openrewrite.java.migrate.jakarta.UpdateRestLet2_6","7","4","8400","0.0","3300","11300","1824.0","3800"
"org.openrewrite.java.migrate.javax.AddCommonAnnotationsDependencies","7","4","12300","0.0","5400","34600","1904.0","29000"
"org.openrewrite.maven.UseMavenCompilerPluginReleaseConfiguration","7","4","0","0.0","0","634800","700.0","422100"
"org.openrewrite.java.migrate.concurrent.MigrateAtomicLongWeakCompareAndSetToWeakCompareAndSetPlain","7","4","7200","0.0","5200","13200","2288.0","5600"
"org.openrewrite.apache.commons.lang.WordUtilsToCommonsText","7","4","4000","0.0","1400","15800","1904.0","9600"
"org.openrewrite.java.migrate.javax.MigrateXMLOutputFactoryNewInstanceToNewFactory","7","4","5500","0.0","3200","10900","4592.0","4400"
"org.openrewrite.java.spring.security5.UpdateArgon2PasswordEncoder","7","4","0","0.0","0","12100","6908.0","6800"
"org.openrewrite.java.migrate.javax.MigrateSimpleTypeVisitor6To9","7","4","7600","0.0","5500","15000","2416.0","6500"
"org.openrewrite.openapi.swagger.UseJakartaSwaggerArtifacts","7","4","26300","0.0","4000","22000","1212.0","1700"
"org.openrewrite.java.spring.framework.MigrateUtf8MediaTypes","7","4","0","0.0","0","84600","18428.0","17700"
"org.openrewrite.java.migrate.lang.MigrateCharacterIsJavaLetterToIsJavaIdentifierStart","7","4","7500","0.0","5200","16400","2416.0","10400"
"org.openrewrite.openapi.swagger.MigrateApiOperationToOperation","7","4","24100","0.0","16400","22600","3296.0","12000"
"org.openrewrite.java.spring.boot3.DowngradeServletApiWhenUsingJetty","7","4","0","0.0","0","384100","1144.0","380300"
"org.openrewrite.java.spring.doc.RemoveBeanValidatorPluginsConfiguration","7","4","0","0.0","0","17900","4848.0","4800"
"org.openrewrite.java.spring.security6.RemoveFilterSecurityInterceptorOncePerRequest","7","4","0","0.0","0","795300","524284.0","522400"
"org.openrewrite.java.testing.mockito.MockitoWhenOnStaticToMockStatic","7","4","0","0.0","0","49700","21500.0","21500"
"org.openrewrite.java.migrate.logging.MigrateLogRecordSetMillisToSetInstant","7","4","0","0.0","0","117800","55288.0","54300"
"org.openrewrite.java.spring.cloud2023.UpgradeSpringCloud_2023","7","4","12700","0.0","4700","10800","2016.0","2700"
"org.openrewrite.java.testing.testcontainers.ExplicitContainerImage","7","4","0","0.0","0","41300","300.0","4300"
"org.openrewrite.java.spring.security6.PropagateAuthenticationServiceExceptions","7","4","0","0.0","0","27600","11768.0","11700"
